{"cameraMode":{"drawMode":0,"name":"Shaded","section":"Shading Mode"},"sceneLighting":true,"audioPlay":false,"sceneViewState":{"m_AlwaysRefresh":false,"showFog":true,"showSkybox":true,"showFlares":true,"showImageEffects":true,"showParticleSystems":true,"showVisualEffectGraphs":true,"m_FxEnabled":true},"in2DMode":false,"pivot":{"x":0.9994235038757324,"y":-0.761989951133728,"z":-12.839786529541016},"rotation":{"x":-0.30944961309432986,"y":-0.062137629836797717,"z":0.02027030475437641,"w":-0.9486755132675171},"size":2.866058826446533,"orthographic":false}