{"cameraMode":{"drawMode":0,"name":"Shaded","section":"Shading Mode"},"sceneLighting":true,"audioPlay":false,"sceneViewState":{"m_AlwaysRefresh":false,"showFog":true,"showSkybox":true,"showFlares":true,"showImageEffects":true,"showParticleSystems":true,"showVisualEffectGraphs":true,"m_FxEnabled":true},"in2DMode":false,"pivot":{"x":-0.1984187364578247,"y":-11.145797729492188,"z":0.13062810897827149},"rotation":{"x":-0.3637697100639343,"y":0.0005537414108403027,"z":-0.0002144513709936291,"w":-0.9314965009689331},"size":11.757405281066895,"orthographic":false}