{"cameraMode":{"drawMode":0,"name":"Shaded","section":"Shading Mode"},"sceneLighting":false,"audioPlay":false,"sceneViewState":{"m_AlwaysRefresh":false,"showFog":true,"showSkybox":false,"showFlares":true,"showImageEffects":true,"showParticleSystems":true,"showVisualEffectGraphs":true,"m_FxEnabled":true},"in2DMode":false,"pivot":{"x":-0.005034133791923523,"y":1.1686625480651856,"z":-14.953442573547364},"rotation":{"x":-0.3511461913585663,"y":0.008984653279185295,"z":-0.0033604830969125034,"w":-0.9362807869911194},"size":1.214545726776123,"orthographic":false}